{
    "TOTAL_CLIENT": {
        "keys": [
            "03/2020",
            "04/2020",
            "05/2020",
            "06/2020",
            "07/2020",
            "08/2020",
            "09/2020",
            "10/2020",
            "11/2020",
            "12/2020",
            "01/2021",
            "02/2021",
            "03/2021",
            "04/2021",
            "05/2021",
            "06/2021",
            "07/2021",
            "08/2021",
            "09/2021",
            "10/2021",
            "11/2021",
            "12/2021",
            "01/2022",
            "02/2022",
            "03/2022",
            "04/2022",
            "05/2022",
            "06/2022",
            "07/2022",
            "08/2022",
            "09/2022",
            "10/2022",
            "11/2022",
            "12/2022",
            "01/2023",
            "02/2023"
        ],
        "values": [
            2169,
            2150,
            2168,
            2269,
            2397,
            2328,
            2231,
            2405,
            2392,
            2421,
            2515,
            2481,
            2315,
            2420,
            2381,
            2497,
            2444,
            2481,
            2603,
            2639,
            2535,
            2590,
            2571,
            2689,
            2651,
            2714,
            2764,
            2660,
            2707,
            2622,
            2908.148106737612,
            2853.7422459254544,
            2795.7599346962106,
            2899.063250486971,
            2762.135238591881,
            2856.59979840923
        ],
        "total_prediction": 17073
    },
    "TOTAL_MATNR1": {
        "keys": [
            "03/2020",
            "04/2020",
            "05/2020",
            "06/2020",
            "07/2020",
            "08/2020",
            "09/2020",
            "10/2020",
            "11/2020",
            "12/2020",
            "01/2021",
            "02/2021",
            "03/2021",
            "04/2021",
            "05/2021",
            "06/2021",
            "07/2021",
            "08/2021",
            "09/2021",
            "10/2021",
            "11/2021",
            "12/2021",
            "01/2022",
            "02/2022",
            "03/2022",
            "04/2022",
            "05/2022",
            "06/2022",
            "07/2022",
            "08/2022",
            "09/2022",
            "10/2022",
            "11/2022",
            "12/2022",
            "01/2023",
            "02/2023"
        ],
        "values": [
            636,
            595,
            608,
            664,
            694,
            640,
            634,
            719,
            697,
            695,
            675,
            703,
            655,
            721,
            718,
            727,
            707,
            697,
            751,
            749,
            758,
            732,
            769,
            779,
            737,
            793,
            795,
            770,
            792,
            756,
            864.1455146045364,
            821.4987538616997,
            812.6673444334615,
            832.7810081762728,
            778.1917915888255,
            813.4325448877706
        ],
        "total_prediction": 4920
    },
    "TOTAL_MATNR2": {
        "keys": [
            "03/2020",
            "04/2020",
            "05/2020",
            "06/2020",
            "07/2020",
            "08/2020",
            "09/2020",
            "10/2020",
            "11/2020",
            "12/2020",
            "01/2021",
            "02/2021",
            "03/2021",
            "04/2021",
            "05/2021",
            "06/2021",
            "07/2021",
            "08/2021",
            "09/2021",
            "10/2021",
            "11/2021",
            "12/2021",
            "01/2022",
            "02/2022",
            "03/2022",
            "04/2022",
            "05/2022",
            "06/2022",
            "07/2022",
            "08/2022",
            "09/2022",
            "10/2022",
            "11/2022",
            "12/2022",
            "01/2023",
            "02/2023"
        ],
        "values": [
            262,
            221,
            284,
            249,
            301,
            288,
            240,
            261,
            228,
            289,
            316,
            322,
            238,
            280,
            251,
            316,
            261,
            274,
            324,
            319,
            254,
            272,
            257,
            327,
            295,
            311,
            319,
            270,
            345,
            284,
            395.54068545391067,
            326.91948754348107,
            291.94367969108947,
            355.7875152949755,
            262.48313707424927,
            330.6982580827954
        ],
        "total_prediction": 1959
    },
    "TOTAL_MATNR3": {
        "keys": [
            "03/2020",
            "04/2020",
            "05/2020",
            "06/2020",
            "07/2020",
            "08/2020",
            "09/2020",
            "10/2020",
            "11/2020",
            "12/2020",
            "01/2021",
            "02/2021",
            "03/2021",
            "04/2021",
            "05/2021",
            "06/2021",
            "07/2021",
            "08/2021",
            "09/2021",
            "10/2021",
            "11/2021",
            "12/2021",
            "01/2022",
            "02/2022",
            "03/2022",
            "04/2022",
            "05/2022",
            "06/2022",
            "07/2022",
            "08/2022",
            "09/2022",
            "10/2022",
            "11/2022",
            "12/2022",
            "01/2023",
            "02/2023"
        ],
        "values": [
            400,
            401,
            416,
            469,
            436,
            436,
            472,
            483,
            517,
            506,
            522,
            490,
            464,
            481,
            449,
            478,
            482,
            467,
            468,
            509,
            482,
            539,
            520,
            534,
            563,
            538,
            560,
            495,
            531,
            507,
            578.0686454723333,
            571.3886922781038,
            538.9416264337603,
            605.805107621718,
            520.6104938979917,
            569.5911693397264
        ],
        "total_prediction": 3381
    },
    "TOTAL_MATNR4": {
        "keys": [
            "03/2020",
            "04/2020",
            "05/2020",
            "06/2020",
            "07/2020",
            "08/2020",
            "09/2020",
            "10/2020",
            "11/2020",
            "12/2020",
            "01/2021",
            "02/2021",
            "03/2021",
            "04/2021",
            "05/2021",
            "06/2021",
            "07/2021",
            "08/2021",
            "09/2021",
            "10/2021",
            "11/2021",
            "12/2021",
            "01/2022",
            "02/2022",
            "03/2022",
            "04/2022",
            "05/2022",
            "06/2022",
            "07/2022",
            "08/2022",
            "09/2022",
            "10/2022",
            "11/2022",
            "12/2022",
            "01/2023",
            "02/2023"
        ],